{"mapLevelBossLifeMult":[1.5,1.52,1.54,1.56,1.58,1.6,1.62,1.64,1.66,1.68,1.7,1.72,1.74,1.76,1.78,1.8,1.82,1.84,1.86,1.88,1.9,1.92,1.94,1.96,1.98,2,2.02,2.04,2.06,2.08,2.1,2.12,2.14,2.16,2.18,2.2,2.22,2.24,2.26,2.28,2.3,2.32,2.34,2.36,2.38,2.4,2.42,2.44,2.46,2.48,2.5,2.52,2.54,2.56,2.58,2.6,2.62,2.64,2.66,2.68,2.7,2.72,2.74,2.76,2.78,2.8,null,null,3.03,3.16,3.32,3.48,5.63,5.97,6.32,6.66,6.99,10.46,11.32,13.01,15.43,17.2,19.64,21.46],"totemLifeMult":{"1":1,"4":1.2,"16":7.44},"monsterLifeTable2":[10,12,15,18,21,25,29,34,39,44,50,56,63,70,79,87,97,107,119,131,144,158,174,191,209,228,249,272,296,323,351,382,415,450,489,530,574,621,672,727,786,850,917,990,1069,1153,1243,1339,1443,1554,1673,1800,1937,2083,2240,2408,2587,2780,2986,3206,3442,3694,3963,4252,4560,4890,5243,5620,6022,6453,6913,7404,7929,8490,9089,9729,10412,11141,11920,12751,13638,14585,15596,16675,17825,19053,20363,21760,23250,24840,26535,28343,30270,32326,34517,36853,39343,41997,44826,47841],"mapLevelBossAilmentMult":{"1":0.81,"51":0.8,"52":0.79,"53":0.78,"54":0.77,"55":0.76,"56":0.75,"57":0.74,"58":0.73,"59":0.72,"60":0.71,"61":0.7,"62":0.69,"63":0.68,"64":0.67,"65":0.66,"66":0.65,"67":0.64,"68":0.63,"69":0.59,"70":0.58,"71":0.57,"72":0.56,"73":0.55,"74":0.53,"75":0.52,"76":0.51,"77":0.5,"78":0.49,"79":0.48,"81":0.47},"mapLevelLifeMult":{"67":1.03,"80":1.77,"72":1.24,"83":2.09,"75":1.43,"74":1.36,"70":1.13,"85":2.25,"77":1.55,"71":1.19,"84":2.17,"76":1.49,"68":1.05,"69":1.09,"78":1.61,"66":1.01,"81":1.87,"73":1.3},"monsterAilmentThresholdTable":[22,26,31,36,42,48,55,62,null,78,null,null,null,null,null,null,null,173,190,207,226,246,267,290,315,341,370,400,432,467,504,543,585,630,678,730,785,843,905,972,1042,1118,1198,1284,1375,1472,1575,1685,1802,1927,2059,2200,2350,2509,2678,2858,3050,3253,3469,3698,3942,4201,4476,4768,5078,5407,5756,6127,6520,6937,7380,7850,8348,8876,9436,10030,10660,11328,12036,12787,13582,14425,15319,16265,17268,18331,19457,20649,21913,null,24667,26168,27756,29438,31220,33105,35101,37214,39450,41817],"gameConstants":{"MaxHideoutDoodads":750,"MonsterEvasionIncremental":16,"SkillDamageBaseEffectiveness":3.885209,"PartyRarityBonusPerAdditionalPlayerHardMode":0,"MonsterAccuracyBase":13,"PartyQuantityBonusPerAdditionalPlayerHardMode":0.3,"SkillDamageIncrementalEffectiveness":0.360246,"MonsterAccuracyIncremental":38,"EnergyShieldRatioOfLife":40,"MonsterAccuracyImprovement":3,"MonsterDamageReductionImprovement":6.7,"AscendancyRespecCost":5,"OldLeechModsEffectiveness":20},"monsterLifeTable3":[null,null,null,null,null,null,null,null,null,49,null,null,69,77,86,95,106,117,128,141,155,170,187,204,223,244,266,null,316,344,373,406,440,478,518,561,608,658,712,769,831,898,970,1046,1129,1217,1312,1414,1523,1640,1766,1900,2044,2199,2364,2541,2731,2934,3151,3384,3633,3900,4185,4490,4816,5165,5539,5938,6364,6820,7308,7829,8386,8980,9616,10295,11020,11795,12622,13506,14449,15456,16531,17679,18904,20211,21607,23096,24684,26380,28188,30117,32175,34370,36711,39207,41870,44708,47735,50962],"monsterVarietyLifeMult":{"Unstable Drowned":1.08,"Brittle Archer":0.96,"Decayed Skeleton":1.14,"Unresting Bleeder":0.99,"Frozen Builder":1.4,"Bloodsoaked Fallen":1.95,"Forged Skeletal Bear":3.6,"Forged Void Crawler":2.88,"Forged Skeleton":1.12,"Frost Harbinger":0.84,"Rattling Recruit":1.35,"Risen Gladiator":1.38,"Impure Archer":1.1,"Restless Labourer":0.9,"Risen Lackey":1.65,"Effigy of Fiery Undeath":4,"Blighted Colossal":13.5,"Blighted Ancient Archer":4.8,"Blighted Bonestalker":6,"Brittle Miner":1.32,"Bone Husk":2.07,"Dreadwheel":1.28,"Forgotten Marksman":1.46,"Atziri's Chosen":2.21},"monsterAllyDamageTable":[5.6199998855591,6.0300002098083,6.460000038147,6.9200000762939,7.4099998474121,7.9299998283386,8.4799995422363,9.0600004196167,9.6800003051758,10.329999923706,11.029999732971,11.760000228882,12.539999961853,13.369999885559,14.25,15.170000076294,16.159999847412,17.200000762939,18.299999237061,19.459999084473,20.700000762939,null,23.389999389648,24.85000038147,26.389999389648,28.030000686646,29.760000228882,31.579999923706,33.520000457764,35.560001373291,37.720001220703,null,42.409999847412,44.959999084473,47.639999389648,50.490001678467,53.490001678467,56.659999847412,60,63.529998779297,67.26000213623,71.199996948242,75.360000610352,79.73999786377,84.370002746582,89.25,94.400001525879,99.839996337891,105.56999969482,111.62000274658,118,124.73000335693,131.83000183105,139.30999755859,147.19999694824,155.52000427246,164.2799987793,173.5299987793,183.27000427246,193.53999328613,204.36999511719,215.7799987793,227.80000305176,240.46000671387,253.80999755859,267.86999511719,282.69000244141,298.29000854492,314.73001098633,332.04998779297,350.29000854492,369.5,389.73001098633,411.04000854492,433.4700012207,457.08999633789,481.9700012207,508.14999389648,535.71997070312,564.75,595.29998779297,627.46002197266,661.30999755859,696.95001220703,734.45001220703,773.90997314453,815.45001220703,859.15997314453,905.15002441406,953.53997802734,1004.4699707031,1058.0400390625,1114.4100341797,1173.7099609375,1236.0999755859,1301.7299804688,1370.7600097656,1443.3800048828,1519.7600097656,1600.0899658203],"monsterDamageTable":[4.9899997711182,5.5599999427795,6.1599998474121,6.8099999427795,7.5,8.2299995422363,9,9.8199996948242,10.699999809265,11.619999885559,12.60000038147,13.640000343323,14.739999771118,15.909999847412,17.139999389648,18.450000762939,19.829999923706,21.290000915527,22.840000152588,24.469999313354,26.190000534058,28.010000228882,29.940000534058,31.959999084473,34.110000610352,36.360000610352,38.75,41.259998321533,43.909999847412,46.700000762939,49.650001525879,52.75,56.009998321533,59.450000762939,63.080001831055,66.889999389648,70.910003662109,75.129997253418,79.580001831055,84.26000213623,89.180000305176,94.349998474121,99.800003051758,105.51999664307,111.5299987793,117.86000061035,124.5,131.49000549316,138.83000183105,146.5299987793,154.63000488281,163.13999938965,172.07000732422,181.44999694824,191.30000305176,201.63000488281,212.47999572754,223.86999511719,235.83000183105,248.36999511719,261.5299987793,275.32998657227,289.82000732422,305.01000976562,320.94000244141,337.64999389648,355.17999267578,373.54998779297,392.80999755859,413.01000976562,434.17999267578,456.36999511719,479.61999511719,null,529.53997802734,556.29998779297,584.34997558594,613.72998046875,644.5,676.75,710.52001953125,745.89001464844,782.94000244141,821.72998046875,862.35998535156,904.90002441406,949.44000244141,996.07000732422,1044.8900146484,1096,1149.5,1205.5,1264.1099853516,1325.4499511719,1389.6400146484,1456.8199462891,1527.1199951172,1600.6800537109,1677.6400146484,1758.1700439453],"monsterEvasionTable":[67,null,104,124,null,166,188,211,234,259,285,311,339,368,397,428,460,493,527,563,600,638,677,718,760,804,849,896,944,994,null,1100,1155,1212,1271,1332,1395,1460,1528,1597,1669,1743,1819,1898,1979,2063,2150,2239,2331,2426,2524,2626,2730,2837,2948,3063,3180,3302,3427,3556,3689,3826,3967,4112,4262,4416,4575,4739,4907,5081,5260,5444,5633,5828,6029,6235,6448,6667,6892,7124,7362,7608,7860,8120,8388,8663,8946,9237,9536,9844,10160,10486,10821,11165,11519,11883,12258,12643,13038,13445],"monsterAllyLifeTable":[null,null,null,null,null,24,27,null,32,35,null,41,null,null,52,null,null,65,null,75,81,null,93,99,null,114,121,130,138,148,null,168,179,null,203,215,229,null,null,275,292,310,328,348,369,392,null,null,465,null,522,552,584,618,653,691,null,772,816,862,910,961,1015,1072,1131,1194,1260,1329,1402,1478,1559,1644,1733,1827,1926,2029,2138,2253,2373,2500,2633,2773,2919,3074,3236,3406,3585,3773,3970,4178,4395,4624,4864,5116,5381,5659,5951,6257,6578,6916],