{"totemLifeMult":{"1":1,"4":1.2,"16":7.44},"mapLevelLifeMult":{"67":1.03,"80":1.77,"72":1.24,"83":2.09,"75":1.43,"90":2.66,"82":1.98,"74":1.36,"70":1.13,"85":2.25,"77":1.55,"71":1.19,"84":2.17,"76":1.49,"68":1.05,"87":2.42,"79":1.68,"69":1.09,"86":2.34,"89":2.58,"78":1.61,"66":1.01,"81":1.87,"88":2.5,"73":1.3},"mapLevelBossAilmentMult":{"1":0.81,"51":0.8,"52":0.79,"53":0.78,"54":0.77,"55":0.76,"56":0.75,"57":0.74,"58":0.73,"59":0.72,"60":0.71,"61":0.7,"62":0.69,"63":0.68,"64":0.67,"65":0.66,"66":0.65,"67":0.64,"68":0.63,"69":0.59,"70":0.58,"71":0.57,"72":0.56,"73":0.55,"74":0.53,"75":0.52,"76":0.51,"77":0.5,"78":0.49,"79":0.48,"81":0.47},"monsterVarietyLifeMult":{"Unstable Drowned":1.08,"Brittle Archer":0.96,"Corrupted Ashweaver":0.84,"Frozen Builder":1.4,"Bloodsoaked Fallen":1.95,"Risen Gladiator":1.38,"Restless Labourer":0.9,"Forged Skeletal Bear":3.6,"Forged Void Crawler":2.88,"Forged Skeleton":1.12,"[DNT] Chatter v2":2,"Risen Lackey":1.65,"Effigy of Fiery Undeath":4,"Unearthed Urchin":1.74,"Unearthed Rampager":2.4,"Unearthed Skeletal Archer":1.54,"Voll's Vanguard":1.1,"Rattling Recruit":1.35,"Blighted Colossal":13.5,"Blighted Ancient Archer":4.8,"Blighted Bonestalker":6,"Thresher":3,"Rose":16,"Flayed Vanguard":1.5,"Rattling Slave":1.56,"Brittle Miner":1.32,"Bone Husk":2.07,"Dreadwheel":1.28,"[DNT] Bonier Husk":2.3,"Unearthed Skeletal Swordsman":1.82,"Darktongue Risen":2.52,"Restless Small Bone Rhoa":0.99,"Primeval Watcher":1.7,"Cave Beast":2.38,"Ossecati, Boneshaper":2.2,"Darktongue Slave":1.62,"Atziri's Chosen":2.21,"Darktongue Thrall":1.8,"Ash Harvester":1.58},"monsterArmourTable":[22,26,31,36,42,48,55,62,70,78,87,97,107,119,131,144,158,173,190,207,226,246,267,290,315,341,370,400,432,467,504,543,585,630,678,730,785,843,905,972,1042,1118,1198,1284,1375,1472,1575,1685,1802,1927,2059,2200,2350,2509,2678,2858,3050,3253,3469,3698,3942,4201,4476,4768,5078,5407,5756,6127,6520,6937,7380,7850,8348,8876,9436,10030,10660,11328,12036,12787,13582,14425,15319,16265,17268,18331,19457,20649,21913,23250,24667,26168,27756,29438,31220,33105,35101,37214,39450,41817],"monsterDamageTable":[4.9899997711182,5.5599999427795,6.1599998474121,6.8099999427795,7.5,8.2299995422363,9,9.8199996948242,10.699999809265,11.619999885559,12.60000038147,13.640000343323,14.739999771118,15.909999847412,17.139999389648,18.450000762939,19.829999923706,21.290000915527,22.840000152588,24.469999313354,26.190000534058,28.010000228882,29.940000534058,31.959999084473,34.110000610352,36.360000610352,38.75,41.259998321533,43.909999847412,46.700000762939,49.650001525879,52.75,56.009998321533,59.450000762939,63.080001831055,66.889999389648,70.910003662109,75.129997253418,79.580001831055,84.26000213623,89.180000305176,94.349998474121,99.800003051758,105.51999664307,111.5299987793,117.86000061035,124.5,131.49000549316,138.83000183105,146.5299987793,154.63000488281,163.13999938965,172.07000732422,181.44999694824,191.30000305176,201.63000488281,212.47999572754,223.86999511719,235.83000183105,248.36999511719,261.5299987793,275.32998657227,289.82000732422,305.01000976562,320.94000244141,337.64999389648,355.17999267578,373.54998779297,392.80999755859,413.01000976562,434.17999267578,456.36999511719,479.61999511719,null,529.53997802734,556.29998779297,584.34997558594,613.72998046875,644.5,676.75,710.52001953125,745.89001464844,782.94000244141,821.72998046875,862.35998535156,904.90002441406,949.44000244141,996.07000732422,1044.8900146484,1096,1149.5,1205.5,1264.1099853516,1325.4499511719,1389.6400146484,1456.8199462891,1527.1199951172,1600.6800537109,1677.6400146484,1758.1700439453],"monsterEvasionTable":[67,86,104,124,null,166,188,211,234,259,285,311,339,368,397,428,460,493,527,563,600,638,677,718,760,804,849,896,944,994,1046,1100,1155,1212,1271,1332,1395,1460,1528,1597,1669,1743,1819,1898,1979,2063,2150,2239,2331,2426,2524,2626,2730,2837,2948,3063,3180,3302,3427,3556,3689,3826,3967,4112,4262,4416,4575,4739,4907,5081,5260,5444,5633,5828,6029,6235,6448,6667,6892,7124,7362,7608,7860,8120,8388,8663,8946,9237,9536,9844,10160,10486,10821,11165,11519,11883,12258,12643,13038,13445],"monsterAllyLifeTable":[15,null,18,20,null,24,27,29,32,35,38,41,44,null,52,56,60,65,null,75,81,null,93,99,106,114,121,130,138,148,null,168,179,null,203,215,229,244,null,275,292,310,328,348,369,392,415,440,465,null,522,552,584,618,653,691,null,772,816,862,910,961,1015,1072,1131,1194,1260,1329,1402,1478,1559,1644,1733,1827,1926,2029,2138,2253,2373,2500,2633,2773,2919,3074,3236,3406,3585,3773,3970,4178,4395,4624,4864,5116,5381,5659,5951,6257,6578,6916],"monsterAccuracyTable":[14,null,null,null,17,null,19,null,21,23,null,25,null,28,null,null,null,34,null,37,39,null,43,45,47,49,null,54,57,59,null,null,68,71,74,77,null,84,88,92,96,100,105,109,null,null,null,129,135,140,146,152,159,165,172,null,187,195,null,null,220,null,238,247,257,268,279,null,301,314,326,null,352,366,381,396,412,null,444,462,480,499,518,538,559,580,603,626,650,675,701,728,755,784,814,845,877,null,945,980],"mapLevelBossLifeMult":[null,1.52,null,null,null,1.6,null,1.64,1.66,null,null,1.72,null,1.76,1.78,null,null,1.84,1.86,1.88,1.9,1.92,1.94,1.96,null,null,2.02,2.04,2.06,2.08,2.1,2.12,2.14,2.16,2.18,null,2.22,2.24,2.26,2.28,null,2.32,null,2.36,null,null,null,2.44,2.46,2.48,null,null,2.54,2.56,null,2.6,2.62,2.64,null,2.68,2.7,2.72,2.74,2.76,2.78,2.8,null,null,3.03,3.16,3.32,3.48,5.63,5.97,6.32,6.66,6.99,10.46,11.32,13.01,15.43,17.2,19.64,21.46],"monsterLifeTable":[]}